new_event_id,date,daily_eps,daily_minpts,workbook_n_clusters,reproduced_n_clusters,match
1,1983-07-13,2.631578947368421,8,4,4,1
2,1987-07-23,3.5217391304347827,9,1,1,1
2,1987-07-24,3.5217391304347827,9,1,1,1
2,1987-07-25,3.5217391304347827,9,1,1,1
2,1987-07-26,3.5217391304347827,9,1,1,1
2,1987-07-27,3.5217391304347827,9,1,1,1
3,1991-06-04,3.242857142857143,8,2,2,1
3,1991-06-05,3.242857142857143,8,2,2,1
4,1998-05-24,3.272727272727273,8,2,2,1
4,1998-05-25,3.272727272727273,8,2,2,1
4,1998-05-26,3.272727272727273,8,2,2,1
5,1998-08-01,3.34375,8,2,2,1
5,1998-08-02,3.34375,8,1,1,1
5,1998-08-03,3.34375,8,1,1,1
5,1998-08-04,3.34375,8,1,1,1
5,1998-08-05,3.34375,8,1,1,1
5,1998-08-06,3.34375,8,1,1,1
5,1998-08-07,3.34375,8,3,3,1
5,1998-08-08,3.34375,8,2,2,1
5,1998-08-09,3.34375,8,2,2,1
5,1998-08-10,3.34375,8,2,2,1
5,1998-08-11,3.34375,8,2,2,1
6,1999-08-18,3.571428571428572,8,4,4,1
6,1999-08-19,3.571428571428572,8,3,3,1
6,1999-08-20,3.571428571428572,8,2,2,1
6,1999-08-21,3.571428571428572,8,1,1,1
6,1999-08-22,3.571428571428572,8,1,1,1
7,2000-07-07,3.333333333333333,9,2,2,1
7,2000-07-08,3.333333333333333,9,2,2,1
7,2000-07-09,3.333333333333333,9,1,1,1
8,2000-07-28,3.3846153846153846,9,2,2,1
8,2000-07-29,3.3846153846153846,9,2,2,1
8,2000-07-30,3.3846153846153846,9,1,1,1
8,2000-07-31,3.3846153846153846,9,1,1,1
8,2000-08-01,3.3846153846153846,9,1,1,1
8,2000-08-02,3.3846153846153846,9,1,1,1
9,2001-07-28,3.5625,9,1,1,1
9,2001-07-29,3.5625,9,2,2,1
9,2001-07-30,3.5625,9,2,2,1
10,2001-08-07,3.362068965517241,10,3,3,1
10,2001-08-08,3.362068965517241,10,3,3,1
10,2001-08-09,3.362068965517241,10,3,3,1
10,2001-08-10,3.362068965517241,10,2,2,1
10,2001-08-11,3.362068965517241,10,1,1,1
10,2001-08-12,3.362068965517241,10,1,1,1
11,2002-07-16,3.764705882352941,9,3,3,1
11,2002-07-17,3.764705882352941,9,2,2,1
11,2002-07-18,3.764705882352941,9,1,1,1
11,2002-07-19,3.764705882352941,9,1,1,1
11,2002-07-20,3.764705882352941,9,3,3,1
12,2002-07-31,3.1346153846153846,9,1,1,1
13,2002-08-06,2.8846153846153846,10,4,4,1
13,2002-08-07,2.8846153846153846,10,3,3,1
14,2006-08-20,3.7916666666666665,9,2,2,1
14,2006-08-21,3.7916666666666665,9,4,4,1
14,2006-08-22,3.7916666666666665,9,3,3,1
14,2006-08-23,3.7916666666666665,9,2,2,1
15,2007-07-25,3.421052631578948,9,2,2,1
15,2007-07-26,3.421052631578948,9,1,1,1
15,2007-07-27,3.421052631578948,9,1,1,1
15,2007-07-28,3.421052631578948,9,1,1,1
15,2007-07-29,3.421052631578948,9,2,2,1
15,2007-07-30,3.421052631578948,9,2,2,1
15,2007-07-31,3.421052631578948,9,2,2,1
15,2007-08-01,3.421052631578948,9,1,1,1
16,2010-06-18,3.1486486486486487,8,5,5,1
16,2010-06-19,3.1486486486486487,8,4,4,1
16,2010-06-20,3.1486486486486487,8,3,3,1
16,2010-06-21,3.1486486486486487,8,3,3,1
16,2010-06-22,3.1486486486486487,8,4,4,1
17,2010-07-08,3.380952380952381,9,3,3,1
17,2010-07-09,3.380952380952381,9,2,2,1
17,2010-07-10,3.380952380952381,9,1,1,1
17,2010-07-11,3.380952380952381,9,2,2,1
17,2010-07-12,3.380952380952381,9,1,1,1
17,2010-07-13,3.380952380952381,9,1,1,1
18,2010-07-16,3.125,9,3,3,1
18,2010-07-17,3.125,9,5,5,1
18,2010-07-18,3.125,9,4,4,1
19,2010-08-01,2.840909090909091,8,2,2,1
19,2010-08-02,2.840909090909091,8,2,2,1
19,2010-08-03,2.840909090909091,8,3,3,1
20,2010-08-05,3.392857142857143,9,4,4,1
20,2010-08-06,3.392857142857143,9,3,3,1
20,2010-08-07,3.392857142857143,9,3,3,1
20,2010-08-08,3.392857142857143,9,3,3,1
20,2010-08-09,3.392857142857143,9,1,1,1
20,2010-08-10,3.392857142857143,9,1,1,1
20,2010-08-11,3.392857142857143,9,1,1,1
20,2010-08-12,3.392857142857143,9,1,1,1
20,2010-08-13,3.392857142857143,9,1,1,1
20,2010-08-14,3.392857142857143,9,1,1,1
20,2010-08-15,3.392857142857143,9,1,1,1
20,2010-08-16,3.392857142857143,9,2,2,1
20,2010-08-17,3.392857142857143,9,2,2,1
20,2010-08-18,3.392857142857143,9,1,1,1
20,2010-08-19,3.392857142857143,9,1,1,1
20,2010-08-20,3.392857142857143,9,1,1,1
20,2010-08-21,3.392857142857143,9,2,2,1
21,2011-07-26,3.522727272727273,9,3,3,1
21,2011-07-27,3.522727272727273,9,3,3,1
21,2011-07-28,3.522727272727273,9,1,1,1
21,2011-07-29,3.522727272727273,9,1,1,1
21,2011-07-30,3.522727272727273,9,1,1,1
21,2011-07-31,3.522727272727273,9,1,1,1
21,2011-08-01,3.522727272727273,9,3,3,1
21,2011-08-02,3.522727272727273,9,3,3,1
21,2011-08-03,3.522727272727273,9,2,2,1
21,2011-08-04,3.522727272727273,9,4,4,1
21,2011-08-05,3.522727272727273,9,4,4,1
22,2012-07-13,3.565217391304348,9,2,2,1
22,2012-07-14,3.565217391304348,9,2,2,1
22,2012-07-15,3.565217391304348,9,3,3,1
22,2012-07-16,3.565217391304348,9,2,2,1
22,2012-07-17,3.565217391304348,9,2,2,1
22,2012-07-18,3.565217391304348,9,2,2,1
22,2012-07-19,3.565217391304348,9,2,2,1
22,2012-07-20,3.565217391304348,9,2,2,1
22,2012-07-21,3.565217391304348,9,2,2,1
22,2012-07-22,3.565217391304348,9,2,2,1
22,2012-07-23,3.565217391304348,9,1,1,1
22,2012-07-24,3.565217391304348,9,1,1,1
22,2012-07-25,3.565217391304348,9,1,1,1
22,2012-07-26,3.565217391304348,9,1,1,1
22,2012-07-27,3.565217391304348,9,1,1,1
22,2012-07-28,3.565217391304348,9,1,1,1
22,2012-07-29,3.565217391304348,9,3,3,1
23,2015-07-16,2.96875,8,3,3,1
24,2015-07-28,3.6538461538461537,10,1,1,1
24,2015-07-29,3.6538461538461537,10,1,1,1
24,2015-07-30,3.6538461538461537,10,1,1,1
24,2015-07-31,3.6538461538461537,10,1,1,1
24,2015-08-01,3.6538461538461537,10,1,1,1
24,2015-08-02,3.6538461538461537,10,1,1,1
24,2015-08-03,3.6538461538461537,10,1,1,1
24,2015-08-04,3.6538461538461537,10,1,1,1
24,2015-08-05,3.6538461538461537,10,1,1,1
24,2015-08-06,3.6538461538461537,10,1,1,1
24,2015-08-07,3.6538461538461537,10,1,1,1
24,2015-08-08,3.6538461538461537,10,2,2,1
24,2015-08-09,3.6538461538461537,10,2,2,1
24,2015-08-10,3.6538461538461537,10,4,4,1
24,2015-08-11,3.6538461538461537,10,2,2,1
24,2015-08-12,3.6538461538461537,10,3,3,1
24,2015-08-13,3.6538461538461537,10,2,2,1
24,2015-08-14,3.6538461538461537,10,1,1,1
24,2015-08-15,3.6538461538461537,10,2,2,1
24,2015-08-16,3.6538461538461537,10,1,1,1
24,2015-08-17,3.6538461538461537,10,1,1,1
24,2015-08-18,3.6538461538461537,10,1,1,1
24,2015-08-19,3.6538461538461537,10,1,1,1
24,2015-08-20,3.6538461538461537,10,1,1,1
25,2016-06-07,3.657894736842105,10,2,2,1
25,2016-06-08,3.657894736842105,10,2,2,1
26,2016-07-17,3.0609756097560976,8,1,1,1
27,2016-08-03,3.0,8,2,2,1
28,2017-06-30,3.595238095238096,9,3,3,1
28,2017-07-01,3.595238095238096,9,4,4,1
28,2017-07-02,3.595238095238096,9,2,2,1
28,2017-07-03,3.595238095238096,9,1,1,1
28,2017-07-04,3.595238095238096,9,1,1,1
28,2017-07-05,3.595238095238096,9,2,2,1
28,2017-07-06,3.595238095238096,9,2,2,1
29,2017-07-17,3.5,9,1,1,1
29,2017-07-18,3.5,9,1,1,1
30,2017-07-22,3.4791666666666665,9,2,2,1
30,2017-07-23,3.4791666666666665,9,3,3,1
30,2017-07-24,3.4791666666666665,9,3,3,1
30,2017-07-25,3.4791666666666665,9,2,2,1
30,2017-07-26,3.4791666666666665,9,2,2,1
30,2017-07-27,3.4791666666666665,9,2,2,1
30,2017-07-28,3.4791666666666665,9,2,2,1
30,2017-07-29,3.4791666666666665,9,3,3,1
30,2017-07-30,3.4791666666666665,9,4,4,1
31,2017-08-01,3.611111111111111,9,3,3,1
31,2017-08-02,3.611111111111111,9,2,2,1
31,2017-08-03,3.611111111111111,9,2,2,1
31,2017-08-04,3.611111111111111,9,2,2,1
31,2017-08-05,3.611111111111111,9,1,1,1
31,2017-08-06,3.611111111111111,9,1,1,1
31,2017-08-07,3.611111111111111,9,2,2,1
31,2017-08-08,3.611111111111111,9,2,2,1
31,2017-08-09,3.611111111111111,9,3,3,1
31,2017-08-10,3.611111111111111,9,1,1,1
31,2017-08-11,3.611111111111111,9,2,2,1
31,2017-08-12,3.611111111111111,9,2,2,1
31,2017-08-13,3.611111111111111,9,2,2,1
32,2018-07-09,3.5454545454545454,8,1,1,1
32,2018-07-10,3.5454545454545454,8,1,1,1
32,2018-07-11,3.5454545454545454,8,1,1,1
32,2018-07-12,3.5454545454545454,8,1,1,1
32,2018-07-13,3.5454545454545454,8,2,2,1
32,2018-07-14,3.5454545454545454,8,4,4,1
32,2018-07-15,3.5454545454545454,8,3,3,1
33,2019-06-26,3.6538461538461537,8,2,2,1
33,2019-06-27,3.6538461538461537,8,3,3,1
34,2019-07-18,2.988372093023256,8,2,2,1
34,2019-07-19,2.988372093023256,8,2,2,1
34,2019-07-20,2.988372093023256,8,2,2,1
35,2020-07-19,3.1,8,2,2,1
35,2020-07-20,3.1,8,2,2,1
35,2020-07-21,3.1,8,2,2,1
36,2020-07-29,3.338709677419355,8,3,3,1
36,2020-07-30,3.338709677419355,8,3,3,1
36,2020-07-31,3.338709677419355,8,2,2,1
37,2021-06-28,3.6666666666666665,9,3,3,1
37,2021-06-29,3.6666666666666665,9,3,3,1
37,2021-06-30,3.6666666666666665,9,3,3,1
37,2021-07-01,3.6666666666666665,9,3,3,1
37,2021-07-02,3.6666666666666665,9,2,2,1
37,2021-07-03,3.6666666666666665,9,2,2,1
37,2021-07-04,3.6666666666666665,9,1,1,1
37,2021-07-05,3.6666666666666665,9,2,2,1
37,2021-07-06,3.6666666666666665,9,2,2,1
37,2021-07-07,3.6666666666666665,9,2,2,1
37,2021-07-08,3.6666666666666665,9,2,2,1
38,2021-07-18,3.4615384615384617,8,1,1,1
38,2021-07-19,3.4615384615384617,8,1,1,1
38,2021-07-20,3.4615384615384617,8,1,1,1
38,2021-07-21,3.4615384615384617,8,1,1,1
39,2021-07-26,3.5476190476190474,8,3,3,1
39,2021-07-27,3.5476190476190474,8,2,2,1
39,2021-07-28,3.5476190476190474,8,3,3,1
40,2021-07-31,3.5681818181818183,8,3,3,1
40,2021-08-01,3.5681818181818183,8,2,2,1
40,2021-08-02,3.5681818181818183,8,3,3,1
40,2021-08-03,3.5681818181818183,8,3,3,1
40,2021-08-04,3.5681818181818183,8,2,2,1
40,2021-08-05,3.5681818181818183,8,2,2,1
40,2021-08-06,3.5681818181818183,8,2,2,1
40,2021-08-07,3.5681818181818183,8,2,2,1
40,2021-08-08,3.5681818181818183,8,2,2,1
40,2021-08-09,3.5681818181818183,8,5,5,1
41,2021-08-28,3.7666666666666666,8,1,1,1
42,2022-07-19,3.05,8,2,2,1
42,2022-07-20,3.05,8,4,4,1
42,2022-07-21,3.05,8,2,2,1
42,2022-07-22,3.05,8,3,3,1
42,2022-07-23,3.05,8,4,4,1
43,2023-07-12,2.84,8,4,4,1
44,2023-07-15,3.764705882352941,9,1,1,1
44,2023-07-16,3.764705882352941,9,1,1,1
44,2023-07-17,3.764705882352941,9,2,2,1
44,2023-07-18,3.764705882352941,9,1,1,1
44,2023-07-19,3.764705882352941,9,1,1,1
44,2023-07-20,3.764705882352941,9,1,1,1
44,2023-07-21,3.764705882352941,9,1,1,1
44,2023-07-22,3.764705882352941,9,3,3,1
44,2023-07-23,3.764705882352941,9,1,1,1
44,2023-07-24,3.764705882352941,9,1,1,1
44,2023-07-25,3.764705882352941,9,1,1,1
44,2023-07-26,3.764705882352941,9,1,1,1
44,2023-07-27,3.764705882352941,9,1,1,1
44,2023-07-28,3.764705882352941,9,2,2,1
44,2023-07-29,3.764705882352941,9,2,2,1
44,2023-07-30,3.764705882352941,9,4,4,1
44,2023-07-31,3.764705882352941,9,4,4,1
44,2023-08-01,3.764705882352941,9,4,4,1
44,2023-08-02,3.764705882352941,9,4,4,1
44,2023-08-03,3.764705882352941,9,2,2,1
44,2023-08-04,3.764705882352941,9,1,1,1
44,2023-08-05,3.764705882352941,9,1,1,1
44,2023-08-06,3.764705882352941,9,1,1,1
44,2023-08-07,3.764705882352941,9,1,1,1
44,2023-08-08,3.764705882352941,9,2,2,1
44,2023-08-09,3.764705882352941,9,1,1,1
44,2023-08-10,3.764705882352941,9,2,2,1
44,2023-08-11,3.764705882352941,9,2,2,1
45,2023-08-13,3.733333333333333,9,1,1,1
45,2023-08-14,3.733333333333333,9,1,1,1
45,2023-08-15,3.733333333333333,9,1,1,1
45,2023-08-16,3.733333333333333,9,1,1,1
45,2023-08-17,3.733333333333333,9,2,2,1
45,2023-08-18,3.733333333333333,9,1,1,1
45,2023-08-19,3.733333333333333,9,1,1,1
45,2023-08-20,3.733333333333333,9,1,1,1
45,2023-08-21,3.733333333333333,9,1,1,1
45,2023-08-22,3.733333333333333,9,1,1,1
45,2023-08-23,3.733333333333333,9,2,2,1
45,2023-08-24,3.733333333333333,9,1,1,1
45,2023-08-25,3.733333333333333,9,1,1,1
45,2023-08-26,3.733333333333333,9,1,1,1
45,2023-08-27,3.733333333333333,9,1,1,1
45,2023-08-28,3.733333333333333,9,2,2,1
46,2024-05-20,3.647058823529412,11,2,2,1
46,2024-05-21,3.647058823529412,11,2,2,1
46,2024-05-22,3.647058823529412,11,2,2,1
46,2024-05-23,3.647058823529412,11,2,2,1
46,2024-05-24,3.647058823529412,11,2,2,1
46,2024-05-25,3.647058823529412,11,1,1,1
46,2024-05-26,3.647058823529412,11,1,1,1
46,2024-05-27,3.647058823529412,11,1,1,1
46,2024-05-28,3.647058823529412,11,1,1,1
46,2024-05-29,3.647058823529412,11,1,1,1
46,2024-05-30,3.647058823529412,11,1,1,1
46,2024-05-31,3.647058823529412,11,1,1,1
46,2024-06-01,3.647058823529412,11,1,1,1
46,2024-06-02,3.647058823529412,11,1,1,1
46,2024-06-03,3.647058823529412,11,2,2,1
46,2024-06-04,3.647058823529412,11,1,1,1
46,2024-06-05,3.647058823529412,11,1,1,1
46,2024-06-06,3.647058823529412,11,1,1,1
46,2024-06-07,3.647058823529412,11,1,1,1
46,2024-06-08,3.647058823529412,11,1,1,1
46,2024-06-09,3.647058823529412,11,1,1,1
46,2024-06-10,3.647058823529412,11,4,4,1
46,2024-06-11,3.647058823529412,11,5,5,1
46,2024-06-12,3.647058823529412,11,5,5,1
46,2024-06-13,3.647058823529412,11,2,2,1
46,2024-06-14,3.647058823529412,11,1,1,1
46,2024-06-15,3.647058823529412,11,1,1,1
46,2024-06-16,3.647058823529412,11,1,1,1
46,2024-06-17,3.647058823529412,11,3,3,1
46,2024-06-18,3.647058823529412,11,3,3,1
46,2024-06-19,3.647058823529412,11,2,2,1
46,2024-06-20,3.647058823529412,11,2,2,1
46,2024-06-21,3.647058823529412,11,2,2,1
46,2024-06-22,3.647058823529412,11,2,2,1
46,2024-06-23,3.647058823529412,11,3,3,1
46,2024-06-24,3.647058823529412,11,3,3,1
46,2024-06-25,3.647058823529412,11,3,3,1
46,2024-06-26,3.647058823529412,11,4,4,1
46,2024-06-27,3.647058823529412,11,4,4,1
46,2024-06-28,3.647058823529412,11,3,3,1
47,2024-07-08,3.6176470588235294,10,4,4,1
47,2024-07-09,3.6176470588235294,10,2,2,1
47,2024-07-10,3.6176470588235294,10,2,2,1
47,2024-07-11,3.6176470588235294,10,2,2,1
47,2024-07-12,3.6176470588235294,10,1,1,1
47,2024-07-13,3.6176470588235294,10,1,1,1
47,2024-07-14,3.6176470588235294,10,1,1,1
47,2024-07-15,3.6176470588235294,10,2,2,1
47,2024-07-16,3.6176470588235294,10,2,2,1
47,2024-07-17,3.6176470588235294,10,3,3,1
47,2024-07-18,3.6176470588235294,10,2,2,1
47,2024-07-19,3.6176470588235294,10,2,2,1
47,2024-07-20,3.6176470588235294,10,3,3,1
47,2024-07-21,3.6176470588235294,10,1,1,1
47,2024-07-22,3.6176470588235294,10,1,1,1
47,2024-07-23,3.6176470588235294,10,1,1,1
47,2024-07-24,3.6176470588235294,10,1,1,1
47,2024-07-25,3.6176470588235294,10,2,2,1
47,2024-07-26,3.6176470588235294,10,3,3,1
47,2024-07-27,3.6176470588235294,10,4,4,1
47,2024-07-28,3.6176470588235294,10,3,3,1
47,2024-07-29,3.6176470588235294,10,2,2,1
48,2024-08-05,3.6176470588235294,9,2,2,1
48,2024-08-06,3.6176470588235294,9,2,2,1
48,2024-08-07,3.6176470588235294,9,2,2,1
48,2024-08-08,3.6176470588235294,9,2,2,1
48,2024-08-09,3.6176470588235294,9,2,2,1
48,2024-08-10,3.6176470588235294,9,2,2,1
48,2024-08-11,3.6176470588235294,9,1,1,1
48,2024-08-12,3.6176470588235294,9,2,2,1
48,2024-08-13,3.6176470588235294,9,1,1,1
48,2024-08-14,3.6176470588235294,9,1,1,1
48,2024-08-15,3.6176470588235294,9,1,1,1
48,2024-08-16,3.6176470588235294,9,3,3,1
48,2024-08-17,3.6176470588235294,9,1,1,1
48,2024-08-18,3.6176470588235294,9,2,2,1
48,2024-08-19,3.6176470588235294,9,1,1,1
48,2024-08-20,3.6176470588235294,9,1,1,1
48,2024-08-21,3.6176470588235294,9,1,1,1
48,2024-08-22,3.6176470588235294,9,1,1,1
48,2024-08-23,3.6176470588235294,9,2,2,1
49,2025-06-14,3.3793103448275863,7,3,3,1
49,2025-06-15,3.3793103448275863,7,4,4,1
50,2025-07-14,3.647058823529412,10,1,1,1
50,2025-07-15,3.647058823529412,10,1,1,1
50,2025-07-16,3.647058823529412,10,1,1,1
50,2025-07-17,3.647058823529412,10,1,1,1
50,2025-07-18,3.647058823529412,10,1,1,1
50,2025-07-19,3.647058823529412,10,2,2,1
50,2025-07-20,3.647058823529412,10,5,5,1
50,2025-07-21,3.647058823529412,10,4,4,1
50,2025-07-22,3.647058823529412,10,2,2,1
50,2025-07-23,3.647058823529412,10,2,2,1
50,2025-07-24,3.647058823529412,10,1,1,1
50,2025-07-25,3.647058823529412,10,2,2,1
50,2025-07-26,3.647058823529412,10,2,2,1
50,2025-07-27,3.647058823529412,10,1,1,1
50,2025-07-28,3.647058823529412,10,1,1,1
50,2025-07-29,3.647058823529412,10,2,2,1
50,2025-07-30,3.647058823529412,10,1,1,1
50,2025-07-31,3.647058823529412,10,1,1,1
50,2025-08-01,3.647058823529412,10,2,2,1
51,2025-08-07,3.4545454545454546,9,1,1,1
51,2025-08-08,3.4545454545454546,9,1,1,1
51,2025-08-09,3.4545454545454546,9,2,2,1
51,2025-08-10,3.4545454545454546,9,2,2,1
51,2025-08-11,3.4545454545454546,9,2,2,1
51,2025-08-12,3.4545454545454546,9,1,1,1
51,2025-08-13,3.4545454545454546,9,1,1,1
51,2025-08-14,3.4545454545454546,9,2,2,1
51,2025-08-15,3.4545454545454546,9,2,2,1
