figure,class,producing_script,inputs,approved_original_sha256,deployed_embed_sha256,reproduced_output,reproduced_output_sha256,reproduction_result
Figure 1,publication figure (FROZEN),NONE (author-created slide export; frozen asset shipped in assets/frozen_figures/fig01/),n/a,cc561b368f84b298b3ee38a39415799cc31d8ca932fa586a32bd7624831ec787,cc561b368f84b298b3ee38a39415799cc31d8ca932fa586a32bd7624831ec787,n/a,,FROZEN ASSET SHIPPED - no runnable producer exists and none is claimed; the shipped PNG is byte-identical to the deployed manuscript embed
Figure 2,publication figure (V7 GRID-CELL LABEL CORRECTION; DEPLOYED 2026-07-30),scripts/figures/fig02/{fig02_panel_a_tmax_p95_map.py;fig02_panel_b_extent_hexbin.py;assemble_figure2.py},deposit gridded/fig02_box_p95.csv + gridded/fig02_daily_extent.csv,6700c9198c2e6f775459f010ce3d18f5a673a7f1f1c657ce2f5628388e9f7f76,62c20697282bddc0aa199782dec574fe0d84048ed6d3eaf117c839d31505b46f,reproduced/fig02/Figure2_assembled.png,62c20697282bddc0aa199782dec574fe0d84048ed6d3eaf117c839d31505b46f,"EXECUTED - BYTE-IDENTICAL to the deployed manuscript embed. The V7 grid-cell axis wording for panel (b) was DEPLOYED into the WORKING manuscript on 2026-07-30 (G2 pass, Fawaz-approved), together with the matching grid-cell caption wording. Superseded pre-correction embed: 6700c9198c2e6f775459f010ce3d18f5a673a7f1f1c657ce2f5628388e9f7f76. Panel (a) PNG, plotted data, thresholds and diagnostics CSVs unchanged. Artwork 8400x2941 px."
Figure 3,publication figure,scripts/figures/fig03/{fig3_panels.py;make_figure3_composite.py},deposit catalogs/ master (760 rows),cc3ea5e16261601023a3fa2f83ea4885c567de6eb761fee98210942f5bac93f6,cc3ea5e16261601023a3fa2f83ea4885c567de6eb761fee98210942f5bac93f6,reproduced/fig03/Figure3_assembled.png,cc3ea5e16261601023a3fa2f83ea4885c567de6eb761fee98210942f5bac93f6,EXECUTED - BYTE-IDENTICAL to the deployed manuscript embed
Figure 4,publication figure (FROZEN),NONE (author-created slide export; frozen asset shipped in assets/frozen_figures/fig04/),n/a,d595fb363d0a284abc1f9cc3049661f5786d1e42cf5e30ea3e50cea143a3bcde,d595fb363d0a284abc1f9cc3049661f5786d1e42cf5e30ea3e50cea143a3bcde,n/a,,FROZEN ASSET SHIPPED - no runnable producer exists and none is claimed; the shipped PNG is byte-identical to the deployed manuscript embed
Figure 5,publication figure,scripts/figures/fig05_06_07/make_figs_5_6_7.py,deposit catalogs/final_labels_event_global_max.csv,53bc580287ef7650f178d083a5bed0eabb07f82788c0432ba7352847a4dc2dad,7af1b41383a7e519f2574ca6fd27936c9f4bb96ea92a17ca12fd894035556fcc,reproduced/fig05/Figure5_type1_type2.png,53bc580287ef7650f178d083a5bed0eabb07f82788c0432ba7352847a4dc2dad,EXECUTED - BYTE-IDENTICAL to the approved canonical asset; the deployed DOCX embed is a downscaled deployment export of it (1950 px wide)
Figure 6,publication figure,scripts/figures/fig05_06_07/make_fig6.py (canonical Figure 6 producer; must run after the fig06 pass of make_figs_5_6_7.py - stage order enforced),deposit catalogs/final_labels_event_global_max.csv,769a24eaed5987b25a64499e3d3667ff2cfdac4f5ae518a5a02ed920ced0a471,f45272bc0030022fda3d5bdfdbe51e33b4d96d749e5f120d07cbabef8fb01cfe,reproduced/fig06/Figure6_type3_two_events.png,769a24eaed5987b25a64499e3d3667ff2cfdac4f5ae518a5a02ed920ced0a471,EXECUTED - BYTE-IDENTICAL to the approved canonical asset; the deployed DOCX embed is a downscaled deployment export of it
Figure 7,publication figure,scripts/figures/fig05_06_07/make_figs_5_6_7.py,deposit catalogs/final_labels_event_global_max.csv,40494b4c0f978da3c7e75eaabdc2de5128e40718b5d1159c97579e82ab47f965,5136d35c7e7cc1504afececdff5386d2835826fbb0b0e78f3abd457214cdd6bd,reproduced/fig07/Figure7_type4_six_days.png,40494b4c0f978da3c7e75eaabdc2de5128e40718b5d1159c97579e82ab47f965,EXECUTED - BYTE-IDENTICAL to the approved canonical asset; the deployed DOCX embed is a downscaled deployment export of it
Figure 8,publication figure,scripts/figures/fig08/Figure_10_Statistical_Analysis_of_Types_ORIGINAL.py,deposit catalogs/ master,9b2bd0f16c04f7d9107ead835b9734d631d1fdf476a7c3d838140e867460e30a,c64f1a16441b3f73d57bde6a75953d261e45cade7d7b7766ca36977aa6bccb6b,reproduced/fig08/figure5_type_AGU_hist_boxplot_orientation_area_ratio.png,bf15335648f446f2b09106771dec167c83d8819b280b35978bd082cfd4449cbe,"EXECUTED - THREE DISTINCT ARTIFACTS, none byte-identical to another. (1) approved full-resolution original, 6221x4751, is the post-processed 'B2B-1' pass applied by the authors. (2) deployed DOCX embed, 1950x1489, is a downscaled export of (1). (3) reproduced output, 6221x4751, is byte-identical to the PRE-B2B-1 script output archived at clean/manuscript/figures/fig08/versions_B2B1_20260722_215245/. Reproduced vs approved: identical dimensions, 5.10% of pixels differ (the B2B-1 post-processing). The script reproduces the plotted CONTENT exactly; it does not reproduce the manual post-processing pass."
Figure 9,publication figure,scripts/figures/fig09/make_figure9_unified_ORIGINAL.py,deposit catalogs/ master,9c5f5e3928404f31e51ec82ea3a8519718fa4ae837edbe1006ed7e7d5ceebc93,b023c6e55359b69d74dd1b93f7199c2f82f12d782cd76f3de5170a8f36460ad1,reproduced/fig09/Figure9_assembled.png,4cb3b38a5d80db8b2a936ed9ddf8246e2007609cd9c6ae1e6984256f1d1ffa04,"EXECUTED - THREE DISTINCT ARTIFACTS, none byte-identical to another. (1) approved full-resolution original, 9000x2940, is the post-processed 'B2B-1' pass. (2) deployed DOCX embed, 1950x637, is a downscaled export of (1). (3) reproduced output, 9000x2940, is byte-identical to the PRE-B2B-1 script output archived at clean/manuscript/figures/fig09/versions_B2B1_20260722_215245/. Reproduced vs approved: identical dimensions, 3.10% of pixels differ (the B2B-1 post-processing)."
Figure 10,publication figure,scripts/figures/fig10/Figure_9_Trend_Analysis_With_Table_statistics.py,deposit catalogs/ master,b0fe7dfc98fff6c09f91436dc26430418f0d4c1364cec3ee1f22710c1f99d2db,be5a528857a05843560d277d1c11cee02c944c21bfda1cd24324e13846b1def1,reproduced/fig10/Fig11_SCORCH_event_frequency_duration_ONLY_two_panels.png,b0fe7dfc98fff6c09f91436dc26430418f0d4c1364cec3ee1f22710c1f99d2db,EXECUTED - BYTE-IDENTICAL to the approved canonical asset; the companion trend-summary CSV is byte-identical to the deposit copy; the deployed DOCX embed is a downscaled export
Figure 11,publication figure,scripts/figures/fig11/make_q1_power_law_2x2_panel.py (+ common/power_law_largest_{daily;event}_ellipse.py + common/task6_powerlaw.py),deposit catalogs/ master; seed 20260617; nboot 5000 (canonical),10ea2036ff068ae49e9ae7c4e794abfaa98a98272ff224cd5852e2bb61956726,9ada5400232aa424b109fe32f0d22b7fa09ec632be42bda7f8bfa44063c37fd4,reproduced/fig11/q1_power_law_2x2_panel_clean.png,10ea2036ff068ae49e9ae7c4e794abfaa98a98272ff224cd5852e2bb61956726,EXECUTED - BYTE-IDENTICAL to the approved canonical asset (alpha=10.519 p=0.1344 n=395; alpha=5.341 p=0.3592 n=51); the deployed DOCX embed is a downscaled export
Figure 12,publication figure (V3 LABEL CORRECTION; DEPLOYED 2026-07-30),scripts/figures/fig12/make_q1_variant3_four_variable_centroid_map.py,deposit catalogs/grid_predicted_intensity_variant3.csv + catalogs/ master,e75b07debf67e163e2eff3506ec4fe6628f0c01a1dfdd6f7dbc2d2523eccab33,6a1a5a767c8c63262633914c484b973acc46696e23e661f8cbc58955cd38d2ac,reproduced/fig12/q1_four_variable_centroid_risk_map.png,6a1a5a767c8c63262633914c484b973acc46696e23e661f8cbc58955cd38d2ac,"EXECUTED - BYTE-IDENTICAL to the deployed manuscript embed. The corrected marker legend was DEPLOYED into the WORKING manuscript on 2026-07-30 (G2 pass, Fawaz-approved) with the matching caption marker definitions. Superseded pre-correction embed: e75b07debf67e163e2eff3506ec4fe6628f0c01a1dfdd6f7dbc2d2523eccab33 (see the V11 candidate for the exact prior value). Plotted data unchanged. Artwork 4219x2904 px."
Figure A,publication figure,scripts/figures/figA1/make_figA1_sigma_sensitivity.py,scripts/figures/figA1_inputs/pca_sigma_matrix_*.csv (shipped),084d0b7e5bb5108ce166071f78aa8ea6b3e129df23e775c4a5a6f54522848627,ca9c49e703aa28fe20dd5a463e57beea5c4adc62e5dd3b0086c05660325acb74,reproduced/appendix/Figure_A1_pca_sigma_sensitivity.png,084d0b7e5bb5108ce166071f78aa8ea6b3e129df23e775c4a5a6f54522848627,EXECUTED - BYTE-IDENTICAL to the approved canonical asset; the deployed DOCX embed is a downscaled export
Figure B,publication figure,"scripts/figures/figA2/make_new_figA2_event10_candidate.py (CANONICAL producer of the deployed Fig. B - legacy internal name figA2: Event 10, Type 4, 2001-08-07..12)",data/auxiliary/method_a/daily_full_parameter_grid_method_A.csv + deposit catalogs/,916fed8eafbd535028fd1c1f04f611db58c9b78f9a1d7ee0cdc95567ed1b3fd5,916fed8eafbd535028fd1c1f04f611db58c9b78f9a1d7ee0cdc95567ed1b3fd5,reproduced/appendix_a2/New_Figure_A2_Event10_candidate.png,916fed8eafbd535028fd1c1f04f611db58c9b78f9a1d7ee0cdc95567ed1b3fd5,"EXECUTED - BYTE-IDENTICAL to the deployed manuscript embed (word/media/image14.png), verified directly from the WORKING DOCX"
Figure C,publication figure,scripts/figures/figA3/make_figA3_dbscan_params.py,deposit catalogs/ master,f2c064d7577ea9f33c3f3e8396cf61f5e8ce223f49cbbb0e35775a63f1f36f31,07872152bae8bd2b215bddc8e3db23df4c052824f7ee329eefa64c55eda274e4,reproduced/appendix/Figure_A3_dbscan_parameters.png,f2c064d7577ea9f33c3f3e8396cf61f5e8ce223f49cbbb0e35775a63f1f36f31,EXECUTED - BYTE-IDENTICAL to the approved canonical asset; the deployed DOCX embed is a downscaled export
Figure S.1,publication figure (supplementary),"scripts/figures/figS1/make_new_figS1_candidate.py (composite: panels a-b from make_figS1_type3_event25.py; panels c-d from the FROZEN station artwork in assets/frozen_figures/figS1_station_donor/ - no runnable producer, but its metrics are independently recomputed by scripts/validation/ghcn_era5_validation.py)",reproduced Figure_S1_type3_event25.png + frozen station donor,a5632323514961c61a1b367c1cc2c950c93e1beac48cf7f134826e1367664bdc,a5632323514961c61a1b367c1cc2c950c93e1beac48cf7f134826e1367664bdc,reproduced/supplement/New_Figure_S1_candidate.png,a5632323514961c61a1b367c1cc2c950c93e1beac48cf7f134826e1367664bdc,EXECUTED - BYTE-IDENTICAL to the deployed supplement embed. Artwork 7440x6422 px.
Figure D,publication figure (APPENDIX D; relocated from Supplementary Fig. S.2 on 2026-07-30),scripts/figures/figS2/make_new_figS2_candidate.py (occurrence-level five-fold validation composite: panel (a) concentration-zone distance boxplot + panels (b)-(f) held-out fold maps; engine scripts/validation/kfold_cv_four_variable_centroid_model.py seed 20260704 N_FOLDS=5),deposit lgcp/ + validation_kfold/,d3de47b80b61589f54e615d9757023457f6bc9aac7e604df380d73dc0474d5e8,b7c48232d9f48c9dbf29291470562699590f7ed4f5be50ecb7087f37684574ae,reproduced/supplement/New_Figure_S2_candidate.png,b7c48232d9f48c9dbf29291470562699590f7ed4f5be50ecb7087f37684574ae,"EXECUTED - BYTE-IDENTICAL to the deployed manuscript embed. On 2026-07-30 (G2 pass, Fawaz-approved) this figure was REARRANGED to a 2-column x 3-row layout - panel (a) the concentration-zone distance boxplot, panels (b)-(f) held-out Folds 1-5, shared vertical colorbar spanning all three rows, centred marker legend - and RELOCATED from the supplementary document into the main manuscript as Fig. D in Appendix D. Artwork 6050x6019 px. Layout and labelling only: dataset, seed 20260704, fold membership (152 held-out centroids per fold), refit surfaces, ranks, colours, ticks, markers and the zone means 438/286/181/81 km are unchanged and are asserted at run time. Superseded supplementary embed: d3de47b80b61589f54e615d9757023457f6bc9aac7e604df380d73dc0474d5e8. LEGACY NAMING: the producing script, its output filename and the deposit's figS03/ figS04/ directories keep 'S2'/'S3'/'S4' tokens for provenance; those are internal names, NOT current publication labels."
Fig. D component (INTERNAL - not a manuscript figure; legacy S.2 naming),internal component producer,scripts/figures/figS3/make_figS3_risk_zone_distance.py (legacy path/filename retained for provenance),deposit validation_kfold/per_centroid_risk_zone_validation.csv,1696b0ab2f4d64718ab8c2b87a3407c386a9f03654cd85cddb7679ed3729f9ea,,reproduced/supplement/Figure_S3_risk_zone_distance.png,cc1f0e3e9cc6435b2541435ef4cd10f6249dfad0e935be773cf956d93892ae1b,"EXECUTED - INTERNAL COMPONENT ONLY; its content appears as panel (a) of the published Fig. D. Not a manuscript figure and never deployed, so there is no deployed embed hash. The V3 output differs from the V2 asset by the corrected axis label ('top-concentration zone')."
Fig. D component (INTERNAL - not a manuscript figure; legacy S.2 naming),internal component producer,scripts/figures/figS4/make_figS4_kfold_maps.py (legacy path/filename retained for provenance),deposit lgcp/ + validation_kfold/ (CV refit seed 20260704),f263dd4a0b9b196334dbba0debe1c7da6b6893e7fd415451c38393c5981d97db,,reproduced/supplement/Figure_S4_kfold_heldout_maps.png,1f0742faa19e06a19756bd896a8bba4b373f2dceb4ab75adefed794f9b41a58d,"EXECUTED - INTERNAL COMPONENT ONLY; its content appears as panels (b)-(f) of the published Fig. D. Not a manuscript figure and never deployed, so there is no deployed embed hash. V4 corrects the colorbar label to 'Relative centroid-concentration rank, R(s)': the mapped values are per-fold percentile ranks (0-1), not a physical concentration or intensity, so the former physical-units label was wrong. Plotted data unchanged; the fold-metrics CSV is byte-identical to the deposit. The published Fig. D composite is unaffected (its producer already used the rank wording)."
Fig. B diagnostic (INTERNAL - SUPERSEDED; legacy A.2 naming),superseded internal diagnostic,"scripts/figures/figA2/make_figA2_dbscan_selection_heatmaps.py (Event 7, Type 4, 2000-07-07..09)",scripts/figures/figA2_inputs/ (shipped Event-7 matrices) + deposit catalogs/ master,505fa0fe2c9378358c8bdec4c10b9ad101143770eb6420455aa759e2e999bb23,,n/a,,"NOT EXECUTED - superseded by the Event-10 canonical Fig. B (legacy internal name A.2) and excluded from every reproduction tier. NO reproduced output is shipped or claimed. The approved_original_sha256 above is the hash of this diagnostic's own historical asset in the research archive, retained for provenance only. This corrects the V2 row, which claimed an EXECUTED byte-identical output that is absent from reproduced/."
